{
    "$schema": "https://schema.management.azure.com/schemas/0.1.2-preview/CreateUIDefinition.MultiVm.json#",
    "handler": "Microsoft.Azure.CreateUIDef",
    "version": "0.1.2-preview",
    "parameters": {
        "config": {
            "basics": { }
        },
        "basics": [ ],
        "steps": [
            {
               "name": "appConfig",
               "label": "Application Settings",
               "elements": [
                {
                    "name": "appName",
                    "type": "Microsoft.Common.TextBox",
                    "label": "Application Name",
                    "defaultValue": "",
                    "toolTip": "Name for application registration.  Used as a base name for other Azure resources",
                    "constraints": {
                        "required": true,
                        "regex": "^[a-z0-9A-Z][a-z0-9A-Z-]{0,34}[a-z0-9A-Z]$",
                        "validationMessage": "Application name must be between 2-36 characters long, contain only alphanumerics and hyphens, and can't start or end with hyphen"
                    }
                },
                {
                    "name": "appServiceName",
                    "type": "Microsoft.Common.TextBox",
                    "label": "App Service Name",
                    "defaultValue": "",
                    "toolTip": "Name for Azure App Service, must be globally unique",
                    "constraints": {
                        "required": true,
                        "regex": "^[a-z0-9A-Z][a-z0-9A-Z-]{0,34}[a-z0-9A-Z]$",
                        "validationMessage": "Application name must be between 2-36 characters long, contain only alphanumerics and hyphens, and can't start or end with hyphen"
                    }
                },
                {
                    "name": "appServiceSku",
                    "type": "Microsoft.Common.DropDown",
                    "label": "App Service Plan SKU Size",
                    "defaultValue": "P2v2",
                    "toolTip": "Select a pricing tier for the app service plan.",
                    "constraints": {
                        "allowedValues": [
                            {
                                "label": "P2v2 - 420 total ACU, 7GB memory",
                                "value": "P2v2"
                            },
                            {
                                "label": "P3V2 - 840 total ACU, 14 GB memory",
                                "value": "P3V2"
                            },
                            {
                                "label": "P1V3 - 195 minimum ACU/vCPU, 8 GB memory, 2 vCPU",
                                "value": "P1V3"
                            },
                            {
                                "label": "P2V3 - 195 minimum ACU/vCPU, 16 GB memory, 4 vCPU",
                                "value": "P2V3"
                            },
                            {
                                "label": "P3V3 - 195 minimum ACU/vCPU, 32 GB memory, 8 vCPU",
                                "value": "P3V3"
                            }
                        ],
                        "required": true
                    }
                },
                {
                    "name": "stgName",
                    "type": "Microsoft.Common.TextBox",
                    "label": "Storage Account Name",
                    "toolTip": "Enter storage account name to be created",
                    "constraints": {
                        "required": true,
                        "regex": "^[a-z0-9]{3,24}$",
                        "validationMessage": "Storage account name must be lowercase letters and numbers between 3 and 24 characters and be globally unique"
                    }
                },
                {
                    "name": "kvName",
                    "type": "Microsoft.Common.TextBox",
                    "label": "Azure KeyVault Name",
                    "toolTip": "Enter KeyVault name to be created. Must be a valid KeyVault name",
                    "constraints": {
                        "required": true,
                        "regex": "^[a-zA-Z](?!.*[\\-]{2})([\\w\\-]*)[-a-z0-9A-Z]{1,23}[a-z0-9A-Z]$",
                        "validationMessage": "Keyvault name must include only alphanumerics and hypens, start with a letter, end with a letter or digit, cannot contain consecutive hyphens, and be between 3 and 24 characters"
                    }
                }
               ]
            }
         ],
        "outputs": { 
            "ApplicationName": "[steps('appConfig').appName]",
            "storageAccountName": "[steps('appConfig').stgName]",
            "location": "[location()]",
            "appServicePlanSKU": "[steps('appConfig').appServiceSku]",
            "keyvaultName": "[steps('appConfig').kvName]",
            "AppServiceName": "[steps('appConfig').appServiceName]",
            "tenantID":"[subscription().tenantId]"
        }
    }
}